{
  "hash": "cb3f32c6",
  "configHash": "d77fdf46",
  "lockfileHash": "47eab9ee",
  "browserHash": "2b5451d8",
  "optimized": {
    "@angular/common/http": {
      "src": "../../../../../../node_modules/@angular/common/fesm2022/http.mjs",
      "file": "@angular_common_http.js",
      "fileHash": "6e5eb300",
      "needsInterop": false
    },
    "@angular/core": {
      "src": "../../../../../../node_modules/@angular/core/fesm2022/core.mjs",
      "file": "@angular_core.js",
      "fileHash": "d8201f96",
      "needsInterop": false
    },
    "@angular/forms": {
      "src": "../../../../../../node_modules/@angular/forms/fesm2022/forms.mjs",
      "file": "@angular_forms.js",
      "fileHash": "8a4699ef",
      "needsInterop": false
    },
    "@angular/platform-browser": {
      "src": "../../../../../../node_modules/@angular/platform-browser/fesm2022/platform-browser.mjs",
      "file": "@angular_platform-browser.js",
      "fileHash": "3185f5ec",
      "needsInterop": false
    },
    "@angular/router": {
      "src": "../../../../../../node_modules/@angular/router/fesm2022/router.mjs",
      "file": "@angular_router.js",
      "fileHash": "f0e22243",
      "needsInterop": false
    },
    "@angular/common": {
      "src": "../../../../../../node_modules/@angular/common/fesm2022/common.mjs",
      "file": "@angular_common.js",
      "fileHash": "80e29d82",
      "needsInterop": false
    }
  },
  "chunks": {
    "chunk-KWA3PI36": {
      "file": "chunk-KWA3PI36.js"
    },
    "chunk-545PXTA6": {
      "file": "chunk-545PXTA6.js"
    },
    "chunk-ICNPL5LR": {
      "file": "chunk-ICNPL5LR.js"
    },
    "chunk-UTC3K43W": {
      "file": "chunk-UTC3K43W.js"
    }
  }
}